[
  {
    "name": "Antigua and Barbuda",
    "code": "ATG",
    "pop": 83039
  },
  {
    "name": "Algeria",
    "code": "DZA",
    "pop": 32854159
  },
  {
    "name": "Azerbaijan",
    "code": "AZE",
    "pop": 8352021
  },
  {
    "name": "Albania",
    "code": "ALB",
    "pop": 3153731
  },
  {
    "name": "Armenia",
    "code": "ARM",
    "pop": 3017661
  },
  {
    "name": "Angola",
    "code": "AGO",
    "pop": 16095214
  },
  {
    "name": "American Samoa",
    "code": "ASM",
    "pop": 64051
  },
  {
    "name": "Argentina",
    "code": "ARG",
    "pop": 38747148
  },
  {
    "name": "Australia",
    "code": "AUS",
    "pop": 20310208
  },
  {
    "name": "Bahrain",
    "code": "BHR",
    "pop": 724788
  },
  {
    "name": "Barbados",
    "code": "BRB",
    "pop": 291933
  },
  {
    "name": "Bermuda",
    "code": "BMU",
    "pop": 64174
  },
  {
    "name": "Bahamas",
    "code": "BHS",
    "pop": 323295
  },
  {
    "name": "Bangladesh",
    "code": "BGD",
    "pop": 15328112
  },
  {
    "name": "Belize",
    "code": "BLZ",
    "pop": 275546
  },
  {
    "name": "Bosnia and Herzegovina",
    "code": "BIH",
    "pop": 3915238
  },
  {
    "name": "Bolivia",
    "code": "BOL",
    "pop": 9182015
  },
  {
    "name": "Burma",
    "code": "MMR",
    "pop": 47967266
  },
  {
    "name": "Benin",
    "code": "BEN",
    "pop": 8490301
  },
  {
    "name": "Solomon Islands",
    "code": "SLB",
    "pop": 472419
  },
  {
    "name": "Brazil",
    "code": "BRA",
    "pop": 186830759
  },
  {
    "name": "Bulgaria",
    "code": "BGR",
    "pop": 7744591
  },
  {
    "name": "Brunei Darussalam",
    "code": "BRN",
    "pop": 373831
  },
  {
    "name": "Canada",
    "code": "CAN",
    "pop": 32270507
  },
  {
    "name": "Cambodia",
    "code": "KHM",
    "pop": 13955507
  },
  {
    "name": "Sri Lanka",
    "code": "LKA",
    "pop": 19120763
  },
  {
    "name": "Congo",
    "code": "COG",
    "pop": 3609851
  },
  {
    "name": "Democratic Republic of the Congo",
    "code": "COD",
    "pop": 58740547
  },
  {
    "name": "Burundi",
    "code": "BDI",
    "pop": 7858791
  },
  {
    "name": "China",
    "code": "CHN",
    "pop": 1312978855
  },
  {
    "name": "Afghanistan",
    "code": "AFG",
    "pop": 25067407
  },
  {
    "name": "Bhutan",
    "code": "BTN",
    "pop": 637013
  },
  {
    "name": "Chile",
    "code": "CHL",
    "pop": 16295102
  },
  {
    "name": "Cayman Islands",
    "code": "CYM",
    "pop": 45591
  },
  {
    "name": "Cameroon",
    "code": "CMR",
    "pop": 17795149
  },
  {
    "name": "Chad",
    "code": "TCD",
    "pop": 10145609
  },
  {
    "name": "Comoros",
    "code": "COM",
    "pop": 797902
  },
  {
    "name": "Colombia",
    "code": "COL",
    "pop": 4494579
  },
  {
    "name": "Costa Rica",
    "code": "CRI",
    "pop": 4327228
  },
  {
    "name": "Central African Republic",
    "code": "CAF",
    "pop": 4191429
  },
  {
    "name": "Cuba",
    "code": "CUB",
    "pop": 11259905
  },
  {
    "name": "Cape Verde",
    "code": "CPV",
    "pop": 506807
  },
  {
    "name": "Cook Islands",
    "code": "COK",
    "pop": 13984
  },
  {
    "name": "Cyprus",
    "code": "CYP",
    "pop": 836321
  },
  {
    "name": "Denmark",
    "code": "DNK",
    "pop": 5416945
  },
  {
    "name": "Djibouti",
    "code": "DJI",
    "pop": 804206
  },
  {
    "name": "Dominica",
    "code": "DMA",
    "pop": 67827
  },
  {
    "name": "Dominican Republic",
    "code": "DOM",
    "pop": 9469601
  },
  {
    "name": "Ecuador",
    "code": "ECU",
    "pop": 13060993
  },
  {
    "name": "Egypt",
    "code": "EGY",
    "pop": 72849793
  },
  {
    "name": "Ireland",
    "code": "IRL",
    "pop": 4143294
  },
  {
    "name": "Equatorial Guinea",
    "code": "GNQ",
    "pop": 484098
  },
  {
    "name": "Estonia",
    "code": "EST",
    "pop": 1344312
  },
  {
    "name": "Eritrea",
    "code": "ERI",
    "pop": 4526722
  },
  {
    "name": "El Salvador",
    "code": "SLV",
    "pop": 6668356
  },
  {
    "name": "Ethiopia",
    "code": "ETH",
    "pop": 78985857
  },
  {
    "name": "Austria",
    "code": "AUT",
    "pop": 8291979
  },
  {
    "name": "Czech Republic",
    "code": "CZE",
    "pop": 10191762
  },
  {
    "name": "French Guiana",
    "code": "GUF",
    "pop": 192099
  },
  {
    "name": "Finland",
    "code": "FIN",
    "pop": 5246004
  },
  {
    "name": "Fiji",
    "code": "FJI",
    "pop": 828046
  },
  {
    "name": "Falkland Islands (Malvinas)",
    "code": "FLK",
    "pop": 2975
  },
  {
    "name": "Micronesia",
    "code": "Federated States of",
    "pop": "FSM"
  },
  {
    "name": "French Polynesia",
    "code": "PYF",
    "pop": 255632
  },
  {
    "name": "France",
    "code": "FRA",
    "pop": 60990544
  },
  {
    "name": "Gambia",
    "code": "GMB",
    "pop": 1617029
  },
  {
    "name": "Gabon",
    "code": "GAB",
    "pop": 1290693
  },
  {
    "name": "Georgia",
    "code": "GEO",
    "pop": 4473409
  },
  {
    "name": "Ghana",
    "code": "GHA",
    "pop": 2253501
  },
  {
    "name": "Grenada",
    "code": "GRD",
    "pop": 105237
  },
  {
    "name": "Greenland",
    "code": "GRL",
    "pop": 57475
  },
  {
    "name": "Germany",
    "code": "DEU",
    "pop": 82652369
  },
  {
    "name": "Guam",
    "code": "GUM",
    "pop": 16857
  },
  {
    "name": "Greece",
    "code": "GRC",
    "pop": 11099737
  },
  {
    "name": "Guatemala",
    "code": "GTM",
    "pop": 12709564
  },
  {
    "name": "Guinea",
    "code": "GIN",
    "pop": 9002656
  },
  {
    "name": "Guyana",
    "code": "GUY",
    "pop": 739472
  },
  {
    "name": "Haiti",
    "code": "HTI",
    "pop": 9296291
  },
  {
    "name": "Honduras",
    "code": "HND",
    "pop": 683411
  },
  {
    "name": "Croatia",
    "code": "HRV",
    "pop": 455149
  },
  {
    "name": "Hungary",
    "code": "HUN",
    "pop": 10086387
  },
  {
    "name": "Iceland",
    "code": "ISL",
    "pop": 295732
  },
  {
    "name": "India",
    "code": "IND",
    "pop": 1134403141
  },
  {
    "name": "Iran (Islamic Republic of)",
    "code": "IRN",
    "pop": 69420607
  },
  {
    "name": "Israel",
    "code": "ISR",
    "pop": 6692037
  },
  {
    "name": "Italy",
    "code": "ITA",
    "pop": 5864636
  },
  {
    "name": "Cote d'Ivoire",
    "code": "CIV",
    "pop": 18584701
  },
  {
    "name": "Iraq",
    "code": "IRQ",
    "pop": 27995984
  },
  {
    "name": "Japan",
    "code": "JPN",
    "pop": 127896740
  },
  {
    "name": "Jamaica",
    "code": "JAM",
    "pop": 2682469
  },
  {
    "name": "Jordan",
    "code": "JOR",
    "pop": 5544066
  },
  {
    "name": "Kenya",
    "code": "KEN",
    "pop": 35598952
  },
  {
    "name": "Kyrgyzstan",
    "code": "KGZ",
    "pop": 5203547
  },
  {
    "name": "Korea",
    "code": "Democratic People's Republic of",
    "pop": "PRK"
  },
  {
    "name": "Kiribati",
    "code": "KIR",
    "pop": 92003
  },
  {
    "name": "Korea",
    "code": "Republic of",
    "pop": "KOR"
  },
  {
    "name": "Kuwait",
    "code": "KWT",
    "pop": 2700
  },
  {
    "name": "Kazakhstan",
    "code": "KAZ",
    "pop": 15210609
  },
  {
    "name": "Lao People's Democratic Republic",
    "code": "LAO",
    "pop": 566391
  },
  {
    "name": "Lebanon",
    "code": "LBN",
    "pop": 401074
  },
  {
    "name": "Latvia",
    "code": "LVA",
    "pop": 2301793
  },
  {
    "name": "Belarus",
    "code": "BLR",
    "pop": 9795287
  },
  {
    "name": "Lithuania",
    "code": "LTU",
    "pop": 3425077
  },
  {
    "name": "Liberia",
    "code": "LBR",
    "pop": 3441796
  },
  {
    "name": "Slovakia",
    "code": "SVK",
    "pop": 5386995
  },
  {
    "name": "Liechtenstein",
    "code": "LIE",
    "pop": 34598
  },
  {
    "name": "Libyan Arab Jamahiriya",
    "code": "LBY",
    "pop": 5918217
  },
  {
    "name": "Madagascar",
    "code": "MDG",
    "pop": 18642586
  },
  {
    "name": "Martinique",
    "code": "MTQ",
    "pop": 395896
  },
  {
    "name": "Mongolia",
    "code": "MNG",
    "pop": 2580704
  },
  {
    "name": "Montserrat",
    "code": "MSR",
    "pop": 5628
  },
  {
    "name": "The former Yugoslav Republic of Macedonia",
    "code": "MKD",
    "pop": 2033655
  },
  {
    "name": "Mali",
    "code": "MLI",
    "pop": 1161109
  },
  {
    "name": "Morocco",
    "code": "MAR",
    "pop": 30494991
  },
  {
    "name": "Mauritius",
    "code": "MUS",
    "pop": 1241173
  },
  {
    "name": "Mauritania",
    "code": "MRT",
    "pop": 2963105
  },
  {
    "name": "Malta",
    "code": "MLT",
    "pop": 402617
  },
  {
    "name": "Oman",
    "code": "OMN",
    "pop": 2507042
  },
  {
    "name": "Maldives",
    "code": "MDV",
    "pop": 295297
  },
  {
    "name": "Mexico",
    "code": "MEX",
    "pop": 104266392
  },
  {
    "name": "Malaysia",
    "code": "MYS",
    "pop": 25652985
  },
  {
    "name": "Mozambique",
    "code": "MOZ",
    "pop": 20532675
  },
  {
    "name": "Malawi",
    "code": "MWI",
    "pop": 13226091
  },
  {
    "name": "New Caledonia",
    "code": "NCL",
    "pop": 234185
  },
  {
    "name": "Niue",
    "code": "NIU",
    "pop": 1632
  },
  {
    "name": "Niger",
    "code": "NER",
    "pop": 1326419
  },
  {
    "name": "Aruba",
    "code": "ABW",
    "pop": 102897
  },
  {
    "name": "Anguilla",
    "code": "AIA",
    "pop": 12256
  },
  {
    "name": "Belgium",
    "code": "BEL",
    "pop": 10398049
  },
  {
    "name": "Hong Kong",
    "code": "HKG",
    "pop": 7057418
  },
  {
    "name": "Northern Mariana Islands",
    "code": "MNP",
    "pop": 80258
  },
  {
    "name": "Faroe Islands",
    "code": "FRO",
    "pop": 48205
  },
  {
    "name": "Andorra",
    "code": "AND",
    "pop": 73483
  },
  {
    "name": "Gibraltar",
    "code": "GIB",
    "pop": 291
  },
  {
    "name": "Isle of Man",
    "code": "IMN",
    "pop": 78357
  },
  {
    "name": "Luxembourg",
    "code": "LUX",
    "pop": 456613
  },
  {
    "name": "Macau",
    "code": "MAC",
    "pop": 47309
  },
  {
    "name": "Monaco",
    "code": "MCO",
    "pop": 325
  },
  {
    "name": "Palestine",
    "code": "PSE",
    "pop": 3762005
  },
  {
    "name": "Montenegro",
    "code": "MNE",
    "pop": 607969
  },
  {
    "name": "Mayotte",
    "code": "MYT",
    "pop": 0
  },
  {
    "name": "Åland Islands",
    "code": "ALA",
    "pop": 0
  },
  {
    "name": "Norfolk Island",
    "code": "NFK",
    "pop": 0
  },
  {
    "name": "Cocos (Keeling) Islands",
    "code": "CCK",
    "pop": 0
  },
  {
    "name": "Antarctica",
    "code": "ATA",
    "pop": 0
  },
  {
    "name": "Bouvet Island",
    "code": "BVT",
    "pop": 0
  },
  {
    "name": "French Southern and Antarctic Lands",
    "code": "ATF",
    "pop": 0
  },
  {
    "name": "Heard Island and McDonald Islands",
    "code": "HMD",
    "pop": 0
  },
  {
    "name": "British Indian Ocean Territory",
    "code": "IOT",
    "pop": 0
  },
  {
    "name": "Christmas Island",
    "code": "CXR",
    "pop": 0
  },
  {
    "name": "United States Minor Outlying Islands",
    "code": "UMI",
    "pop": 0
  },
  {
    "name": "Vanuatu",
    "code": "VUT",
    "pop": 215366
  },
  {
    "name": "Nigeria",
    "code": "NGA",
    "pop": 141356083
  },
  {
    "name": "Netherlands",
    "code": "NLD",
    "pop": 1632769
  },
  {
    "name": "Norway",
    "code": "NOR",
    "pop": 4638836
  },
  {
    "name": "Nepal",
    "code": "NPL",
    "pop": 27093656
  },
  {
    "name": "Nauru",
    "code": "NRU",
    "pop": 10111
  },
  {
    "name": "Suriname",
    "code": "SUR",
    "pop": 452468
  },
  {
    "name": "Nicaragua",
    "code": "NIC",
    "pop": 5462539
  },
  {
    "name": "New Zealand",
    "code": "NZL",
    "pop": 4097112
  },
  {
    "name": "Paraguay",
    "code": "PRY",
    "pop": 5904342
  },
  {
    "name": "Peru",
    "code": "PER",
    "pop": 27274266
  },
  {
    "name": "Pakistan",
    "code": "PAK",
    "pop": 158080591
  },
  {
    "name": "Poland",
    "code": "POL",
    "pop": 38195558
  },
  {
    "name": "Panama",
    "code": "PAN",
    "pop": 3231502
  },
  {
    "name": "Portugal",
    "code": "PRT",
    "pop": 10528226
  },
  {
    "name": "Papua New Guinea",
    "code": "PNG",
    "pop": 6069715
  },
  {
    "name": "Guinea-Bissau",
    "code": "GNB",
    "pop": 1596929
  },
  {
    "name": "Qatar",
    "code": "QAT",
    "pop": 796186
  },
  {
    "name": "Reunion",
    "code": "REU",
    "pop": 785159
  },
  {
    "name": "Romania",
    "code": "ROU",
    "pop": 21627557
  },
  {
    "name": "Republic of Moldova",
    "code": "MDA",
    "pop": 3876661
  },
  {
    "name": "Philippines",
    "code": "PHL",
    "pop": 84566163
  },
  {
    "name": "Puerto Rico",
    "code": "PRI",
    "pop": 3946779
  },
  {
    "name": "Russia",
    "code": "RUS",
    "pop": 143953092
  },
  {
    "name": "Rwanda",
    "code": "RWA",
    "pop": 9233793
  },
  {
    "name": "Saudi Arabia",
    "code": "SAU",
    "pop": 2361236
  },
  {
    "name": "Saint Kitts and Nevis",
    "code": "KNA",
    "pop": 49138
  },
  {
    "name": "Seychelles",
    "code": "SYC",
    "pop": 85532
  },
  {
    "name": "South Africa",
    "code": "ZAF",
    "pop": 47938663
  },
  {
    "name": "Lesotho",
    "code": "LSO",
    "pop": 1980831
  },
  {
    "name": "Botswana",
    "code": "BWA",
    "pop": 1835938
  },
  {
    "name": "Senegal",
    "code": "SEN",
    "pop": 1177034
  },
  {
    "name": "Slovenia",
    "code": "SVN",
    "pop": 1999425
  },
  {
    "name": "Sierra Leone",
    "code": "SLE",
    "pop": 5586403
  },
  {
    "name": "Singapore",
    "code": "SGP",
    "pop": 4327468
  },
  {
    "name": "Somalia",
    "code": "SOM",
    "pop": 8196395
  },
  {
    "name": "Spain",
    "code": "ESP",
    "pop": 43397491
  },
  {
    "name": "Saint Lucia",
    "code": "LCA",
    "pop": 16124
  },
  {
    "name": "Sudan",
    "code": "SDN",
    "pop": 36899747
  },
  {
    "name": "Sweden",
    "code": "SWE",
    "pop": 9038049
  },
  {
    "name": "Syrian Arab Republic",
    "code": "SYR",
    "pop": 18893881
  },
  {
    "name": "Switzerland",
    "code": "CHE",
    "pop": 7424389
  },
  {
    "name": "Trinidad and Tobago",
    "code": "TTO",
    "pop": 1323722
  },
  {
    "name": "Thailand",
    "code": "THA",
    "pop": 63002911
  },
  {
    "name": "Tajikistan",
    "code": "TJK",
    "pop": 6550213
  },
  {
    "name": "Tokelau",
    "code": "TKL",
    "pop": 1401
  },
  {
    "name": "Tonga",
    "code": "TON",
    "pop": 99361
  },
  {
    "name": "Togo",
    "code": "TGO",
    "pop": 6238572
  },
  {
    "name": "Sao Tome and Principe",
    "code": "STP",
    "pop": 152622
  },
  {
    "name": "Tunisia",
    "code": "TUN",
    "pop": 10104685
  },
  {
    "name": "Turkey",
    "code": "TUR",
    "pop": 72969723
  },
  {
    "name": "Tuvalu",
    "code": "TUV",
    "pop": 10441
  },
  {
    "name": "Turkmenistan",
    "code": "TKM",
    "pop": 4833266
  },
  {
    "name": "United Republic of Tanzania",
    "code": "TZA",
    "pop": 38477873
  },
  {
    "name": "Uganda",
    "code": "UGA",
    "pop": 28947181
  },
  {
    "name": "United Kingdom",
    "code": "GBR",
    "pop": 60244834
  },
  {
    "name": "Ukraine",
    "code": "UKR",
    "pop": 46917544
  },
  {
    "name": "United States",
    "code": "USA",
    "pop": 299846449
  },
  {
    "name": "Burkina Faso",
    "code": "BFA",
    "pop": 13933363
  },
  {
    "name": "Uruguay",
    "code": "URY",
    "pop": 3325727
  },
  {
    "name": "Uzbekistan",
    "code": "UZB",
    "pop": 26593123
  },
  {
    "name": "Saint Vincent and the Grenadines",
    "code": "VCT",
    "pop": 119137
  },
  {
    "name": "Venezuela",
    "code": "VEN",
    "pop": 26725573
  },
  {
    "name": "British Virgin Islands",
    "code": "VGB",
    "pop": 22016
  },
  {
    "name": "Viet Nam",
    "code": "VNM",
    "pop": 85028643
  },
  {
    "name": "United States Virgin Islands",
    "code": "VIR",
    "pop": 111408
  },
  {
    "name": "Namibia",
    "code": "NAM",
    "pop": 2019677
  },
  {
    "name": "Wallis and Futuna Islands",
    "code": "WLF",
    "pop": 15079
  },
  {
    "name": "Samoa",
    "code": "WSM",
    "pop": 183845
  },
  {
    "name": "Swaziland",
    "code": "SWZ",
    "pop": 1124529
  },
  {
    "name": "Yemen",
    "code": "YEM",
    "pop": 21095679
  },
  {
    "name": "Zambia",
    "code": "ZMB",
    "pop": 11478317
  },
  {
    "name": "Zimbabwe",
    "code": "ZWE",
    "pop": 13119679
  },
  {
    "name": "Indonesia",
    "code": "IDN",
    "pop": 226063044
  },
  {
    "name": "Guadeloupe",
    "code": "GLP",
    "pop": 438403
  },
  {
    "name": "Netherlands Antilles",
    "code": "ANT",
    "pop": 186392
  },
  {
    "name": "United Arab Emirates",
    "code": "ARE",
    "pop": 4104291
  },
  {
    "name": "Timor-Leste",
    "code": "TLS",
    "pop": 1067285
  },
  {
    "name": "Pitcairn Islands",
    "code": "PCN",
    "pop": 5
  },
  {
    "name": "Palau",
    "code": "PLW",
    "pop": 20127
  },
  {
    "name": "Marshall Islands",
    "code": "MHL",
    "pop": 5672
  },
  {
    "name": "Saint Pierre and Miquelon",
    "code": "SPM",
    "pop": 6346
  },
  {
    "name": "Saint Helena",
    "code": "SHN",
    "pop": 6399
  },
  {
    "name": "San Marino",
    "code": "SMR",
    "pop": 30214
  },
  {
    "name": "Turks and Caicos Islands",
    "code": "TCA",
    "pop": 24459
  },
  {
    "name": "Western Sahara",
    "code": "ESH",
    "pop": 440428
  },
  {
    "name": "Serbia",
    "code": "SRB",
    "pop": 9863026
  },
  {
    "name": "Holy See (Vatican City)",
    "code": "VAT",
    "pop": 783
  },
  {
    "name": "Svalbard",
    "code": "SJM",
    "pop": 0
  },
  {
    "name": "Saint Martin",
    "code": "MAF",
    "pop": 0
  },
  {
    "name": "Saint Barthelemy",
    "code": "BLM",
    "pop": 0
  },
  {
    "name": "Guernsey",
    "code": "GGY",
    "pop": 0
  },
  {
    "name": "Jersey",
    "code": "JEY",
    "pop": 0
  },
  {
    "name": "South Georgia South Sandwich Islands",
    "code": "SGS",
    "pop": 0
  },
  {
    "name": "Taiwan",
    "code": "TWN",
    "pop": 23588932
  }
]
